{
    "loss": 3.862868309020996,
    "accuracy": 0.6111111044883728
}